{
  "exp_name": "paper_nesy_reward_seed0_20260127_153550",
  "ablation": "reward",
  "seed": 0,
  "nesy_lam": 1.0,
  "timesteps_total": 200000,
  "episode_reward_mean": -5194.1016799604895,
  "episode_len_mean": 325.01,
  "uptime_rate_mean": 0.739070104886316,
  "logdir": "ray_results/paper_4_ablations_20260127_153550/paper_nesy_reward_seed0_20260127_153550"
}