{
  "exp_name": "paper_nesy_reward_seed1_20260127_153550",
  "ablation": "reward",
  "seed": 1,
  "nesy_lam": 1.0,
  "timesteps_total": 200000,
  "episode_reward_mean": -5330.9483461388945,
  "episode_len_mean": 337.76,
  "uptime_rate_mean": 0.737090421468018,
  "logdir": "ray_results/paper_6_ablations_20260127_153550/paper_nesy_reward_seed1_20260127_153550"
}