{
  "exp_name": "paper_nesy_full_seed1_20260127_153550",
  "ablation": "full",
  "seed": 1,
  "nesy_lam": 1.0,
  "timesteps_total": 200000,
  "episode_reward_mean": -4875.265014175475,
  "episode_len_mean": 351.75,
  "uptime_rate_mean": 0.735817909263212,
  "logdir": "ray_results/paper_4_ablations_20260127_153550/paper_nesy_full_seed1_20260127_153550"
}